{
  "video0.mp4": {
    "clip_0.mp4": {
      "scene_001.mp4": {
        "start": 0.0,
        "end": 8.866666666666667,
        "caption": "walt disney pictures 101 dalmatians ii 101 dalmatians ii 101 dalmatians ii 101 dalmatians ii 101 dalmatians ii"
      },
      "scene_002.mp4": {
        "start": 8.866666666666667,
        "end": 14.633333333333333,
        "caption": "video of a video game is being played"
      }
    },
    "clip_1.mp4": {
      "scene_001.mp4": {
        "start": 21.9965625,
        "end": 24.5784375,
        "caption": "3d animation of a woman in a dress"
      }
    },
    "clip_2.mp4": {
      "scene_001.mp4": {
        "start": 59.0371875,
        "end": 62.8171875,
        "caption": "beauty and the beast 3d animation"
      }
    },
    "clip_3.mp4": {
      "scene_001.mp4": {
        "start": 90.6271875,
        "end": 93.1921875,
        "caption": "sleeping beauty in bed"
      }
    },
    "clip_4.mp4": {
      "scene_001.mp4": {
        "start": 128.19093750000002,
        "end": 133.37156249999998,
        "caption": "cartoon characters are talking to each other"
      }
    }
  },
  "video1.mp4": {
    "clip_0.mp4": {
      "scene_001.mp4": {
        "start": 0.0,
        "end": 6.741562500000001,
        "caption": "a man and a woman are walking down the street"
      }
    },
    "clip_1.mp4": {
      "scene_001.mp4": {
        "start": 9.8128125,
        "end": 15.346145833333333,
        "caption": "homeless man is sitting on the street"
      },
      "scene_002.mp4": {
        "start": 15.346145833333333,
        "end": 17.34614583333333,
        "caption": "man holding an egg in his hand"
      },
      "scene_003.mp4": {
        "start": 17.34614583333333,
        "end": 19.4128125,
        "caption": "old man sitting on the ground"
      },
      "scene_004.mp4": {
        "start": 19.4128125,
        "end": 21.746145833333333,
        "caption": "a man and a woman are talking to each other"
      }
    },
    "clip_2.mp4": {
      "scene_001.mp4": {
        "start": 29.1009375,
        "end": 31.167604166666667,
        "caption": "people are shopping in a grocery store"
      },
      "scene_002.mp4": {
        "start": 31.167604166666667,
        "end": 42.06760416666667,
        "caption": "a man and a woman are looking at fruits and vegetables at a market"
      },
      "scene_003.mp4": {
        "start": 42.06760416666667,
        "end": 42.66760416666666,
        "caption": "a man is walking"
      }
    },
    "clip_3.mp4": {
      "scene_001.mp4": {
        "start": 56.050312500000004,
        "end": 60.674062500000005,
        "caption": "a man holding a ball in his hand"
      }
    },
    "clip_4.mp4": {
      "scene_001.mp4": {
        "start": 74.2753125,
        "end": 86.6753125,
        "caption": "two women are having a conversation while sitting at a table in front of a chalkboard"
      },
      "scene_002.mp4": {
        "start": 86.6753125,
        "end": 91.0753125,
        "caption": "a woman is sitting on a bed"
      },
      "scene_003.mp4": {
        "start": 91.0753125,
        "end": 101.0753125,
        "caption": "avril lavigne in black dress is sitting on the bed and talking"
      },
      "scene_004.mp4": {
        "start": 101.0753125,
        "end": 103.34197916666666,
        "caption": "a woman is playing with balls"
      },
      "scene_005.mp4": {
        "start": 103.34197916666666,
        "end": 108.4753125,
        "caption": "a woman is sitting on a bed"
      },
      "scene_006.mp4": {
        "start": 108.4753125,
        "end": 109.84197916666668,
        "caption": "a man is talking on the phone"
      },
      "scene_007.mp4": {
        "start": 109.84197916666668,
        "end": 115.67531249999999,
        "caption": "a girl is sitting on the floor"
      },
      "scene_008.mp4": {
        "start": 115.67531249999999,
        "end": 117.3753125,
        "caption": "a woman is painting an egg"
      },
      "scene_009.mp4": {
        "start": 117.3753125,
        "end": 119.40864583333334,
        "caption": "a girl is singing a song"
      },
      "scene_010.mp4": {
        "start": 119.40864583333334,
        "end": 125.2753125,
        "caption": "a man is walking down the street"
      }
    },
    "clip_5.mp4": {
      "scene_001.mp4": {
        "start": 126.4696875,
        "end": 128.46968750000002,
        "caption": "a man is talking to another man"
      },
      "scene_002.mp4": {
        "start": 128.46968750000002,
        "end": 135.46968750000002,
        "caption": "a man is holding a ball with a smiley face on it"
      },
      "scene_003.mp4": {
        "start": 135.46968750000002,
        "end": 139.96968750000002,
        "caption": "some text is on the screen"
      }
    }
  }
}